Species,FD_box,FD_madogram,PSD,SI,SCI,PC1,PC2,PC3,PC4,PC5,PC6,PC7,PC8,PC9,PC10,PC11,PC12,PC13,PC14,PC15,PC16,PC17,PC18,PC19,PC20,PC21,PC22,PC23,PC24,PC25,PC26,PC27,PC28,PC29,PC30,PC31,PC32,PC33,PC34,PC35,PC36,PC37,PC38,PC39,PC40,PC41,PC42,PC43,PC44,PC45,PC46,PC47,PC48,PC49,PC50,PC51,PC52,PC53,PC54,PC55,PC56,PC57
Adapis magnus,1.076069295,1.474941159,1.479542547,1.101959087,1.212154996,-0.075089572,0.021738418,-0.009966828,0.005515909,-0.00143256,0.001034206,-0.012022465,0.004574832,-0.001614226,0.000780406,-0.000269845,0.010349336,-0.003144074,0.008030086,-0.001781932,-0.003404264,0.006999725,-0.000541172,0.002099318,-0.005531216,0.002054651,-0.006493167,0.001344069,-0.007269006,0.000534716,-0.000887208,0.00240178,-0.000509261,0.003671437,-0.00542487,0.002300906,-0.001284504,-0.001361494,0.005945248,5.92E-05,0.00070832,-0.001729563,0.005435886,0.001244408,0.001185026,-0.002092787,-0.000906187,-0.001485304,0.000972115,0.000332351,0.0007639,0.000197945,0.000371326,0.000534384,0.000146096,-0.001843031,-0.000382608,-0.000493241,-0.001232366,-0.001410692,-0.000793395,-0.002014393
Adinotherium robustum,1.072859858,1.463564574,1.509389234,1.362128195,2.86046921,-0.160681452,0.030435713,0.147751779,0.025734943,-0.053885804,-0.038797922,-0.033536932,-0.004032775,-0.012332911,-0.006050024,0.005525017,-0.011791612,0.016319898,-0.010738718,0.018171095,-0.011307014,-0.006933236,-0.004189292,0.002495516,-0.003492566,-0.00213706,-0.001588818,0.005944109,-0.007303662,0.000160062,0.00245374,0.000610691,-0.004690162,-0.001719922,-0.000957186,-0.000475334,-0.003865617,-0.004828152,-0.00171007,0.004314006,-0.00010935,0.00261254,0.00333582,0.002110435,-0.001395099,0.003304897,-0.003933752,0.000259392,4.50E-05,-0.003111362,0.000703794,0.000102394,-5.91E-05,0.002624186,0.001959829,0.000649802,0.001030999,-0.000935305,-0.000566268,-0.000127101,-0.000330638,0.001479381
Aepyceros melampus,1.068238647,1.477995844,1.470648929,1.100716024,1.430930831,0.045572353,0.005701084,-0.00446534,0.022948296,0.00792477,0.009476683,-0.003913855,0.009214009,0.002308733,0.002895095,-0.003120806,0.011360748,0.001065877,0.000175284,0.002587559,-0.006726595,0.005206485,-0.003172242,-0.002466293,1.28E-05,0.00169644,-0.000475033,0.001974133,-0.003996062,-0.003234751,-0.001762442,0.001264467,-0.004871037,0.003700631,-0.000346706,0.00375735,-0.003874876,0.000569688,0.000862401,0.001831368,0.003961236,-0.000549125,0.003819914,0.000476287,0.000213106,-0.000418558,0.001655156,0.000578095,-0.000708804,0.003250463,0.00463599,0.002241729,0.001315742,-0.001516009,-0.001548019,0.000786744,6.08E-06,0.000564767,-0.002082426,0.001691671,0.0010284,0.000954032
Agouti paca,1.081003829,1.525471551,1.602294517,1.275019743,1.530023691,-0.23232705,-0.00456852,-0.03722141,-0.003235067,0.004200416,0.024888235,-0.011348688,0.005350648,-0.000920415,-0.006294575,0.005173562,0.004598607,0.010508395,-0.002882504,-0.013902671,-0.009839798,0.001075148,-0.001456893,0.004165957,0.010245244,-0.006929605,-0.004882753,0.014196347,-0.002112221,0.000515336,0.001369769,0.002929129,0.002154468,0.004807719,0.002736736,-0.001998916,0.003876132,0.003365997,0.000998582,-0.004260258,-0.001546992,-0.000561085,-0.000365436,-0.002814614,0.002112825,-0.003373809,0.002290382,-0.001907704,0.001086278,-0.00189051,0.002037544,0.003798795,-0.000884178,0.003025193,0.000635463,-0.000349752,0.000375188,0.000660898,0.001006832,-0.001692695,-0.00040405,0.001207751
Allodesmus gracilis,1.065671322,1.515203143,1.461472793,1.287802683,7.469255564,-0.007887406,0.029335269,0.025602487,0.044317955,0.06196697,-0.011712992,0.000366681,0.063453348,0.012073602,-0.040133197,-0.005571685,0.014403345,-0.023652004,-0.004882397,-0.001494581,-0.000207674,0.017527925,0.010706306,-0.011617084,-0.004456767,-0.004449774,0.006128895,-0.006386443,0.006937247,0.003246167,-0.004819523,-0.002096158,-0.000764809,-0.003992302,0.001188793,-0.001235144,-0.004408804,0.005311562,-0.002286877,0.001660515,-0.001791091,-0.000522348,-0.000280288,-0.000288402,-0.00601453,-0.002732889,-0.000185175,-0.001442261,-0.000412837,-0.001270409,0.000860658,0.000191033,0.000437438,0.00024308,0.001260199,2.69E-05,0.000657217,0.000871762,-0.000389139,-0.000348347,-0.001335892,0.001058574
Antilocapra americana,1.102399335,1.508146862,1.523609298,1.229353787,2.704578332,-0.025717095,-0.079909594,0.006275063,0.013813153,0.000457518,0.032436974,0.007462666,-0.042258022,0.000391219,-0.008327705,-0.051328286,0.008379822,0.002212079,-0.018064226,0.012647262,0.008909627,0.000271336,-0.0080979,0.01030026,-0.006845048,-0.00342322,-0.000363376,-0.016526038,0.003910742,-0.007532387,0.006555488,-0.004730811,-0.004908676,0.005654462,0.000884623,-0.001934175,-0.001590016,0.002574696,0.000793808,-0.002304837,-0.001330167,-0.000483634,0.001422152,0.003753955,-0.000294762,0.000974147,0.003351881,-0.001051707,0.000146397,0.000527933,-0.000743023,-0.001203459,-0.000257941,0.000871885,0.001232088,0.00029465,-0.000658174,0.001307415,-0.000707566,-0.001732755,-7.97E-05,0.000663574
Aotus trivirgatus,1.119827881,1.610237078,1.490449235,4.510910038,87.96274573,-0.072179843,0.022706844,0.004411879,-0.056809189,0.082861462,0.007338275,0.072474145,0.053460342,-0.126384654,0.019162465,-0.003621675,-0.003038189,-0.00899422,-0.005162433,0.016211521,0.007204399,-0.007399204,-0.00526716,0.001142244,0.00370918,-0.002013471,-0.003038903,0.001988984,-0.000335753,-3.44E-05,0.002738387,0.000446658,-0.000560432,-1.00E-05,-0.001077839,-5.57E-05,-0.000134058,-0.000344039,6.82E-05,-0.000387547,-0.000469175,0.000181987,0.000376953,-0.000306107,2.32E-05,2.21E-05,6.59E-05,4.71E-05,-0.00017429,-4.24E-08,0.000107905,-0.000186615,-2.82E-05,-5.74E-05,9.82E-05,9.25E-05,-0.000100038,-0.000105826,-5.45E-05,-1.65E-05,6.64E-05,-2.73E-05
Aplodontia rufa,1.095883124,1.585973226,1.587806882,2.193985983,21.50106263,0.227703459,-0.009388385,-0.083616861,0.098669929,-0.030023863,-0.002988591,-0.002964382,0.016867005,-0.000670815,-0.044346999,-0.005599013,-0.027053603,-0.006310646,-0.012381124,0.005415552,0.011608335,0.004937774,-0.001146821,0.006782723,0.007716859,0.003171774,0.003023582,0.013732328,0.016546565,0.001923739,0.007629714,-0.00970341,-0.001396792,0.00277769,-0.005164081,-0.000449962,0.004074322,-0.003501207,0.004166161,0.004984733,-0.004552373,-0.001602588,0.001556412,-0.001609108,0.001516508,-0.00035818,-0.000499559,0.001986175,-0.000138654,0.001492221,-0.001025841,0.000324379,0.000269815,0.000170407,0.000284669,-0.000189029,0.00059033,-1.20E-05,-0.000336858,0.000476025,1.79E-05,-9.70E-05
Archaelurus debilis,1.06499959,1.460809641,1.461000136,1.047801469,0.628680881,0.012683018,0.015369112,-0.004754018,0.005356532,0.014202833,0.005788548,0.002364233,-0.01170958,0.00025301,0.001505608,-0.004476699,-0.001761389,-0.001509774,0.006223976,-0.00092896,-0.004760233,-0.004574698,-0.001318253,-0.000881277,0.000218448,0.003678048,0.000486729,-0.000834906,0.00160548,0.001932119,0.000743918,-0.001383663,0.003772158,0.003766012,-0.000630494,0.002019432,-0.001511304,0.000779939,-0.001595655,-0.000862201,-0.001084462,-0.000793498,-0.001289867,0.000528631,0.000101137,0.001125004,-0.001132847,0.002128162,0.001047574,2.74E-05,-4.13E-05,0.001614635,6.16E-05,-0.001200379,0.000807062,-0.00076407,-6.07E-06,0.00041182,0.000556162,0.001206383,0.000518059,0.000927778
Archaeohyrax patagonicus,1.099682716,1.532753821,1.505935388,1.361385701,8.985145624,0.018777818,0.006847545,-0.111710616,-0.032016232,0.037844008,-0.011596367,-0.010947729,-0.022749476,0.002957563,0.004579791,-0.041007565,0.024931111,0.009397989,-0.009709645,-0.030339558,0.009023963,-0.026678403,-0.018932148,0.006796705,-0.002440576,-0.009436984,-0.000515984,0.003655544,-0.003484841,0.009098899,-0.0042658,-0.008635652,-0.000254833,-0.006363273,0.000529918,-0.00685954,-0.001988431,-0.000705996,-0.000176107,0.000680259,-0.00099998,-0.000158051,0.002687464,-0.000547358,-0.001107225,-0.001323985,-0.000666463,0.000748457,-0.000643703,-0.000865313,0.001187269,-0.000489386,0.000547402,-0.001193627,-0.000447621,0.000416323,0.000468227,-0.000769563,0.000506443,0.000733749,-0.000820665,-0.000231799
Archaeolemur edwardsi,1.100132141,1.488593338,1.475686045,1.100092403,0.770064682,0.038461023,0.028713975,-0.051958507,-0.020728152,0.015717035,-0.013322794,0.009974238,0.006487065,0.007522053,-0.002184512,0.007075064,0.007932334,0.002873711,0.002042338,-0.006056307,0.006289697,0.002546531,0.000170909,-0.00158597,0.001623324,0.001793282,0.00057631,-0.00358111,-0.002029616,0.000343838,0.001141082,0.000974889,0.002782765,-0.002484874,-0.004044221,-0.00023253,-8.92E-05,0.000585424,0.000945051,0.0005299,0.001051262,0.00099395,0.000196819,0.000724039,-0.000584251,0.000594319,0.000492631,-0.001957799,0.002721571,0.002530155,-0.002723797,0.00195994,-0.000964145,-0.000152521,-0.000522564,0.002166983,0.001867278,-0.001861767,0.000358486,-0.001235244,-0.000322929,0.000737762
Archaeotherium mortoni,1.094222656,1.481498768,1.486630176,1.092150653,1.201365718,-0.079806209,0.01131506,-0.014513705,-0.025778418,0.010392082,0.006899887,-0.002038036,-0.004816152,-0.003635964,-0.003218076,-0.010417872,0.000129281,-0.007122986,0.005371917,-0.008440204,0.000990322,-0.002570458,0.000764788,-0.001456621,-0.004353082,-0.002008073,0.002600453,-0.008678437,0.00028256,0.002254375,-0.001040877,-0.002210924,0.003776211,-0.003239491,-0.002396191,0.001079596,0.000911575,-0.000462541,0.000280165,0.001402489,0.000483513,0.002547545,0.001544579,-0.000481702,0.001661928,0.000990823,-0.00163394,0.000400362,-0.001628649,0.000422406,-0.001200548,0.002035973,-0.000443177,-0.000660187,-2.35E-05,-0.004085123,0.001601006,-0.000168636,-0.000481916,-0.000423111,0.001917875,0.001907827
Arctodyctis cf sinclairi,1.078004253,1.506313383,1.496877553,1.452932847,7.845837374,0.040434478,0.053227998,-0.110447403,0.034306904,-0.04998992,-0.055794252,0.004170735,-0.000733906,-0.030569881,-0.003234049,0.018496498,-0.010504074,0.017658979,0.02831975,-0.018493358,-0.005301028,0.013828314,-0.001468714,-0.00288199,0.009136961,-0.001006474,0.002026055,-0.009837739,-0.006451812,0.002206405,-0.005534159,-0.004221025,-0.008373086,0.001672773,0.008305682,-0.00247519,-0.001994486,-0.000300704,0.001697928,0.001767313,-0.000925969,0.000351775,-0.000815473,-0.001201066,0.001953573,0.001969644,0.000845327,0.000576727,-0.00190246,-0.000380496,-0.001516026,3.74E-05,-0.000108623,-0.000920042,0.002187385,0.000422563,0.000787812,0.001332752,-0.000309999,-0.001020469,0.000271495,-0.000513799
Arsinoitherium zitelli,1.093225306,1.467112411,1.472398888,1.107766681,0.775436677,-0.046756684,-0.000102569,0.026828773,0.002084661,0.00151104,0.008365434,-0.009136266,-0.017858729,-0.009601009,-0.0020066,-0.005804223,0.004817383,-0.012289278,0.006374975,-0.001092469,-0.008003906,0.001922675,-0.000561326,-0.000231858,-0.001590978,0.006351481,-0.000150167,-0.000755364,0.001599032,-0.001370908,-0.00187408,-0.001504856,0.00169495,0.000527203,0.003615437,0.001063058,0.000210546,-0.000449317,-0.001162635,-0.00070321,-0.001788619,-0.000481533,-0.001422197,-0.002662066,0.000590881,0.001043187,0.00045227,0.003576427,0.001020731,-0.001044883,-4.92E-05,-0.000144206,-0.00053969,-0.00034824,-8.49E-05,-0.000339656,-0.001810431,-0.000635725,0.000423006,-0.000190563,-0.000373714,0.000777922
Ateles belzebuth,1.080902939,1.469729743,1.49744942,1.276081156,5.359540857,-0.123995223,0.031799666,0.029710109,0.025913974,-0.048861819,-0.029037795,0.003943726,0.001058032,-0.008508881,-0.009737088,-0.002852384,-0.018630779,0.001307935,0.012980321,0.003604815,-0.001965916,-0.002270927,-0.001952535,0.008255372,-0.014286717,0.001363965,-0.004209397,-0.002584708,0.00212525,-0.000408367,-0.004953299,-0.006482216,-0.002174773,-3.11E-06,-0.006435623,0.00667993,0.001206261,0.008395951,0.008567815,-0.000830064,0.003167894,0.005655203,-0.000541512,-0.001685218,-0.000297187,-0.001503699,0.000859956,0.001764329,5.34E-05,-0.002733461,0.001102302,-0.001410966,-0.001641615,-0.000728011,-0.001474593,0.001104294,0.000489578,-0.000252341,0.001411528,-9.74E-05,-5.48E-06,-0.000145325
Balaena mysticetus,1.083014168,1.465841557,1.46229226,1.069030185,0.855224148,-0.045338841,0.010811361,0.038201108,0.00626357,0.007510198,-0.000319994,-0.001407354,-0.00118831,0.003206366,-0.007330289,-0.004303906,-0.000109709,-0.003588739,0.006531706,0.005685031,-0.002778822,0.002088581,0.001118571,0.002075595,-0.002022026,0.000433233,0.000493411,-0.003479492,-0.000324601,0.001039209,0.000284585,-0.000413501,-0.000253216,-0.000908248,-0.002419628,-0.005311919,0.000207773,-0.000287512,-0.001088179,0.002278514,-0.001545793,-0.002251175,-0.004878861,0.002702813,0.001728946,-0.000828421,-0.00018836,0.000551416,0.000119598,-0.000950389,0.002847501,0.000612565,0.002016923,0.000735967,0.000245355,0.000907254,-0.000404819,-0.000793328,-0.000487854,-0.001872919,0.002049405,-0.001780641
Balaenoptera musculus,1.067799143,1.464340845,1.459761671,1.024264727,0.204852945,0.039008468,0.023802778,-0.017105441,0.008849993,0.01552765,0.003920363,0.001552154,-0.003432774,0.001389209,-0.000425158,-0.001957596,-0.001617085,0.0027989,0.003591079,-0.001522992,-0.001352013,-0.001485691,-0.000730801,-0.002318934,0.001202792,-0.000762813,2.68E-05,-0.000113067,0.001139182,-0.0006974,-0.00080235,0.001442004,-0.00037819,0.000104188,-0.000289273,-0.000737119,-0.00018616,0.000972144,4.69E-05,0.001546141,-0.000760285,0.000895622,-0.00189685,-0.000144153,-0.00067225,-0.00044298,9.30E-05,-0.000556158,0.000542167,-0.000447552,-0.000248248,-0.000207249,-0.000261737,0.00042313,5.32E-05,0.000192682,0.000329994,9.32E-06,0.000454921,0.000118068,-9.94E-05,3.45E-05
Borhyaena tubercata,1.088947095,1.499883297,1.496612443,1.220183844,7.443121446,-0.076613087,0.010590593,-0.036633024,0.033109528,0.002432079,0.013468309,-0.00404034,0.000214611,-0.001215662,-0.00740497,-0.009042984,0.00392866,0.017663705,-0.015756729,-0.005631632,-0.012708119,-0.00119582,-0.000489897,0.001692652,0.012042454,-0.006853888,-0.000252764,-0.001945768,0.003939461,-0.008453797,0.008254022,0.006159027,-0.003826011,-8.34E-05,0.006915864,0.00392057,-0.001505462,0.005258982,9.02E-05,0.003127197,0.004757963,0.000652202,-0.000660759,-0.000116828,-0.000881305,-0.002096466,-0.003988405,0.001833902,-0.002154369,0.002889177,-0.00069735,-0.001130318,0.000656443,-0.00044793,0.000632286,-0.000935967,-0.000940822,-0.001889688,0.002136155,-0.000552482,0.000609408,-0.000238837
Cainotherium laticurvatum,1.060650404,1.464705245,1.462760839,1.061388409,1.592082614,0.002644189,0.006575923,0.000533757,0.009601875,0.018993162,0.010060758,-0.00315362,-0.005760147,0.001381085,0.001884597,-0.006102132,-0.001181157,-0.001338754,0.002720953,0.003765269,-0.001378227,-0.00050549,-0.002189218,0.002729865,-0.00087566,-0.000677773,-0.000103216,-0.004890044,0.001057871,0.001957071,0.001798211,0.00082002,-0.000149863,0.002235356,-0.0039069,2.91E-05,0.001959022,0.00046095,-0.00013446,-0.000756005,-1.13E-05,0.000834569,-0.002638145,0.00383331,-0.001040429,-0.000354455,-0.001544037,0.000189897,0.001755698,-0.000330422,-0.000309824,0.001944222,-0.000240577,-0.00081363,0.000965967,-0.000502083,0.000455515,0.00023808,0.000755288,-5.29E-05,-0.000110861,-0.001399279
Calomyscus baluchi,1.089360732,1.491572215,1.517549588,1.144307726,2.174184679,-0.111809451,0.01406059,-0.044745784,-0.01868185,-0.009570996,0.0073858,0.006993771,-0.005683703,0.002629805,-0.005605012,0.001451977,0.001638243,0.008825321,-0.000754585,-0.005034033,0.003380817,0.003092312,-0.000509398,-0.002624821,0.002173209,0.002008276,0.000981998,0.000398298,-0.003133516,-0.00509621,0.003953076,0.001071642,0.000586144,-5.97E-05,0.000418801,-0.002766945,-0.001308554,0.004748625,-0.000350693,0.000898179,-0.000537963,0.00288452,-0.000457999,0.000335492,-0.00078061,-0.001008738,-0.001648399,-0.000579443,0.000933158,0.002104465,0.000125672,0.000833351,-0.003235113,0.000586131,0.000801963,0.001631702,-0.001070871,-0.000374637,-0.002254546,0.002100013,-0.000744302,-0.000937649
Canis dirus,1.099417251,1.471056102,1.455782813,1.09827393,2.196547861,0.015653946,0.01508804,0.021737981,0.001695208,0.023052793,-0.002876122,0.011551153,-0.011851487,0.008047233,0.003916132,0.002367705,-0.001503862,0.006530586,-0.006516328,-0.004541007,-0.008182957,0.000232848,-0.002488978,-0.005741891,0.006987737,-0.000872093,-0.001256672,0.001124797,0.001723537,0.002158713,0.002298633,0.000550909,-0.003111024,0.001595811,0.001809072,-0.001085944,0.001681051,-0.000744189,-6.22E-05,0.000199286,-0.002142947,0.004359587,-0.002084957,-0.00034523,0.000473243,-0.001516793,0.000706218,-0.001632339,-0.003234544,-0.001399395,-9.30E-05,-0.001610459,0.000289625,0.000257021,-0.002724677,0.000208546,0.000901979,0.00147836,-0.002283839,0.001032047,0.000783687,-0.000825881
Caperea marginata,1.099146335,1.500095204,1.484702552,1.114410795,3.454673465,0.101346389,0.022579788,-0.024678747,0.009469412,-0.002386974,0.011890597,0.015781997,-0.025104473,0.001509319,0.003042572,-0.001652651,-0.004934819,-0.012737128,-0.006401496,0.003642425,-0.003273735,-0.004371344,0.00399367,-0.001590791,-0.004170758,0.003052407,-0.002555966,-8.25E-05,-0.004558941,-0.00012523,-0.002447998,-0.002471154,0.002592898,0.003555794,-0.000527137,0.004018131,0.000268913,-0.001254075,-0.008911537,-0.002092231,-0.000451066,0.000626284,0.000342742,-0.002484825,-0.001245096,-0.000929222,0.001192664,0.002927734,-0.001731279,-0.000964249,-0.001887358,-1.76E-05,-0.00132246,0.000755699,-2.57E-05,-0.000581498,0.000949845,-0.000561578,-0.001989725,-0.001161729,-0.000143832,-0.000283686
Capricornis sumatrensis,1.078852679,1.456119939,1.463104478,1.0686898,0.42747592,0.014660924,0.016548751,-0.005194583,0.003739697,0.011576011,0.003711142,0.000873701,-0.00503498,0.003928914,-0.000526517,-0.003233466,-0.000697543,-0.000617499,0.004630852,-0.001004016,-0.003843927,-0.002711364,0.00012668,-0.001896959,0.000134757,7.88E-05,-0.000883318,-0.001148946,-0.000291982,0.001883006,-0.0005896,0.000903083,0.001803116,0.001811604,-0.001792542,-0.001034372,0.000204536,4.28E-07,0.000467619,0.000879913,-0.000173063,0.000913039,-0.001149875,-0.000158888,-0.000173825,-0.000275374,0.000128448,-0.000518931,0.000879901,-0.000405209,6.41E-05,0.000816022,-0.000123972,0.000305243,-0.000336267,0.000121708,0.000275224,-0.000248167,-0.000226084,-0.000153924,0.000703682,-0.00049166
Castoroides ohioensis,1.091932907,1.491897858,1.534030428,1.622526669,13.14246602,-0.055141372,0.070575245,-0.012381022,-0.01134482,-0.093128149,0.031029356,-0.030615719,0.041437679,0.004892983,0.028965024,0.01345308,-0.03509748,0.021679847,-0.027620991,0.000359252,0.017990946,-0.001938489,-0.007426043,-0.015111909,-0.007622716,-0.002990607,-0.016028839,-0.00538512,-0.008116123,-0.001586075,-0.001070964,-0.005104597,0.003649825,-0.003330993,0.002199159,0.005278724,0.002706366,0.001905588,-0.000418936,0.001285325,-0.004310641,-0.0043355,-0.002190027,7.74E-05,-0.000821163,-0.000570861,0.00043383,9.93E-05,-0.000303092,0.00156521,0.000264653,0.000134079,-2.05E-05,-0.000631092,2.83E-05,-0.000677441,0.000103403,0.000715182,-0.000184775,-0.000188496,-0.000365597,-0.000168018
Cavia australis,1.079472668,1.517483656,1.506263452,1.462295017,9.651147115,-0.094744515,-0.009254876,0.148170822,-0.000795624,0.014547467,-0.019784607,0.067119702,0.01246309,0.034705103,-0.027424304,0.010825028,0.005625671,-0.00336293,-0.022715496,-0.004690108,-0.008884572,-0.003758781,-9.15E-05,-0.023440769,0.007856897,0.010247978,-0.005573613,-0.002962165,-0.007780968,-0.001061997,0.000670689,-0.008853778,-0.002754901,0.003003723,-4.64E-05,-0.006818092,-0.000506196,-0.002455569,0.003630233,-0.003104084,0.002924396,-0.002196439,0.000325198,0.0013259,0.002696914,-0.000756004,0.001003452,0.00103024,0.000206319,-0.001288703,-0.00075705,-0.000341391,-0.000350787,-0.001100061,-2.39E-05,-0.000789049,-0.000206282,-0.001039872,0.001009581,0.000509159,-0.000247975,5.86E-05
Cervus elaphus,1.102263196,1.476663586,1.477210645,1.09549635,0.87639708,0.031783051,-0.0106263,0.004157809,0.01692189,0.022646908,0.010638461,0.001337048,-0.004342507,0.003873664,-0.006945869,-0.011271898,0.001780083,-0.005454071,0.000387116,-0.000570738,-0.005041713,-0.009055876,0.006852401,0.000778495,0.00341248,-0.005304372,-0.004578952,0.004472386,0.001464092,0.001558143,-0.0018712,-0.000621569,-0.005120611,-0.001734288,3.71E-05,0.0033713,-0.001889914,0.003263045,-0.004030806,-0.002239569,0.004043172,-0.004072807,-0.001412117,-0.000724442,0.001710865,-0.001344891,-0.003763191,0.004095014,0.00243414,-0.001187395,0.000620372,-0.000304549,0.000773632,-0.000781445,-4.18E-05,0.000268978,0.001178321,0.00184423,-0.001355785,-0.000979479,-0.000111188,-0.000496982
Chaeropus ecaudatus,1.082896026,1.507248432,1.622892144,1.333888832,2.53438878,-0.206432037,-0.050031025,0.011419871,-0.047682904,-0.029773676,-0.000139346,-0.013916049,0.031597665,0.00800352,-0.026090178,0.011712938,-0.000717921,-0.016134204,-0.008228342,-0.005445532,-0.004873315,-0.00485025,0.006022184,0.006163938,0.001821712,-0.006351081,0.00059507,0.004342087,-0.002744465,0.004055704,0.003633343,-0.002639108,0.004623543,0.006866751,0.006679632,0.0027349,-0.00037923,0.002579088,-0.002905737,-0.002048064,-0.001064749,0.001089719,0.005257039,0.002430776,-0.002018259,0.001513709,-1.97E-07,-0.000643312,-0.002632963,-0.000645352,-0.001449517,-0.000519044,-0.001273449,-0.00042771,-0.001325284,0.000847493,0.000570969,0.000324391,0.000694235,0.0002099,0.001596072,-0.001335284
Cheirogaleus medius,1.081301261,1.529833793,1.612554275,1.611986702,11.28390691,-0.2606744,-0.02076375,0.041812793,-0.05046537,-0.013181687,0.034139962,0.014344163,-0.014195003,0.016804748,0.002521258,-0.001504467,0.009122891,0.010604267,-0.012036766,-0.000210158,0.012285435,0.018186406,-0.020048092,0.003980424,0.018500385,0.000469063,0.001171441,0.004933289,0.002795763,0.012622245,-0.003544796,0.000942785,0.003566549,0.001334105,-0.004651073,0.005796504,-0.00576095,-0.001315803,0.002855487,0.000519923,0.004400944,0.001182945,-0.003637768,-0.00214772,-0.002736897,0.003387838,0.001008222,-6.61E-05,-3.89E-05,-0.000498167,-0.000952671,-0.000998107,0.000831245,-0.000372633,0.001081916,-0.000127801,-0.000573761,0.000503171,-0.001000675,-0.000686596,-0.00029055,-8.29E-05
Clyomys laticeps,1.088463988,1.595152285,1.670005237,1.592558842,4.14065299,0.324683507,-0.012819804,-0.060031517,0.049850478,-0.060386589,-0.008091969,0.001066944,0.014688233,-0.004856286,-0.018644011,0.007200061,-0.021325496,-0.008404312,-0.008128321,-0.000502857,0.005958983,-2.91E-05,0.000190185,0.007536188,0.007550414,-0.002566959,-0.002664684,0.000643457,-0.005481319,-0.000410848,-0.002920344,-0.001525693,0.001625467,0.000387103,0.00187886,-0.002327594,0.003796307,0.000268234,-0.002556607,-0.007809852,0.002056,0.004459118,-0.000408547,0.001160624,-0.003792149,0.003226757,0.001445258,-0.001102003,0.003606125,-0.000408895,0.002370384,8.91E-05,0.001707388,-0.001240809,0.000599501,-0.000331167,-0.000731678,-0.001072875,0.000149713,0.000228206,0.00174145,0.000293684
Cormohipparion occidentale,1.099194972,1.452139406,1.448873683,1.141326619,2.625051223,0.039682518,0.05114437,0.030257026,0.021161805,-0.023845068,-0.018746796,0.001570468,-0.005742457,0.003317105,0.00205858,0.002579668,-0.009075437,0.011233718,-0.002026976,0.009165053,-0.001227722,-0.003138507,-0.000380514,-0.005068747,0.001955946,-0.002311908,0.000694567,0.001969962,-0.002043566,-0.002281235,6.21E-05,0.000279333,-0.002554922,-0.00094116,-0.006483058,-0.006309499,-0.00042749,-0.006703746,-0.004236861,0.001423871,0.000544964,0.004788914,0.000506231,-0.00186041,-0.002497911,-0.002971721,-0.001372584,-0.000865871,0.000422894,0.003093682,0.000289755,0.000534366,-0.002218041,-0.002031828,-0.001236868,0.000378062,-0.001229774,0.002129502,0.000947185,-0.002598605,0.000220136,-0.000103942
Cricetomys gambianus,1.099351922,1.618079374,1.786077,4.860896644,70.48300134,-0.33685753,-0.096264701,-0.019038222,0.175618033,-0.014722426,-0.010776926,-0.003705826,-0.029454796,-0.015060468,0.049801231,0.070252788,0.042869915,-0.01967846,-0.016348759,-0.007364234,0.014614397,-0.011720779,0.005472824,-0.000930554,0.000259714,-0.003353527,0.00235199,-0.004900685,0.006643834,-0.000545373,-0.001925153,-0.001311795,-0.000227928,0.001026462,-0.00126853,-0.001146493,0.0011645,0.000357712,0.000797309,0.000654109,-1.41E-05,0.000249091,0.000205609,-2.14E-05,-0.000406333,0.000140352,-0.000151719,1.23E-05,0.000213461,7.70E-05,0.000234937,-0.000115466,0.00043756,0.000106288,0.000144637,0.000148521,7.43E-05,-5.64E-05,-0.000170336,-1.05E-05,7.03E-05,1.98E-05
Cricetomys gambianus,1.099060418,1.527480652,1.548975609,2.036384722,22.19659347,-0.018184261,-0.059868921,-0.034074367,-0.014359182,-0.038071815,-0.003236725,0.028672988,0.021371843,-0.008597445,0.035685219,-0.023540533,0.016140346,0.04194151,-0.03114232,-0.008574878,-0.018763035,0.019182784,0.031450049,0.015082675,-0.010003521,0.005229028,0.007164058,0.003736274,0.00237987,0.001282147,-0.006809534,-0.001954629,0.002735027,0.000340998,0.000922259,-0.001780777,-0.000742395,-0.002222848,0.00105117,0.000244894,-0.001385531,0.000129393,-0.000785829,0.000610738,0.000263478,0.000433025,-0.000350882,0.000733963,0.001082413,-0.000313263,-0.000320539,3.34E-05,0.000452459,-0.000677929,-0.000840552,7.28E-06,0.000176236,-0.000237233,-5.65E-05,7.00E-05,7.18E-06,2.74E-05
Ctenomys latro,1.072639023,1.476353636,1.464884873,1.101201022,1.321441226,0.010424077,0.019302843,-0.010057581,0.031947392,0.013912835,0.012014437,0.001162071,0.005661907,0.002187096,-0.006760893,-0.005081789,0.008458226,-0.009252184,0.007430958,0.00025978,-0.008726757,-0.001342205,0.004103758,-1.08E-05,-0.002947999,-0.001065543,-0.001649263,0.002539228,-0.002985668,-0.000452819,-0.007354118,0.003540393,0.002262065,-0.001048525,-0.002297113,0.000199321,-0.002687767,-0.003411387,0.000561435,0.001063753,-8.57E-05,-0.001889241,0.00238471,-0.000579066,-0.002144011,0.002909302,0.005432338,0.00362496,-0.003155196,0.003622514,0.001227756,-0.000395923,-0.001076771,0.001669174,0.00116906,-5.17E-05,-0.000153973,-2.69E-05,0.001959351,-0.000431075,-0.000279928,-0.001100496
Cuniculus_paca,1.073482718,1.469983792,1.474786509,1.134323659,3.062673879,-0.076043261,0.020372091,0.035328676,-0.027664954,0.002405063,-0.001377315,-0.004379754,-0.005790052,0.000813265,-0.002219439,0.008121142,0.000150216,-0.004613841,0.003228219,0.001574373,0.000414624,0.003407655,-0.001794482,-0.001919066,-0.000431246,0.003141351,0.001312784,-0.000900284,0.000492057,0.002562083,0.00232683,0.00010172,0.000865193,0.001225283,0.001052388,-0.001265576,-0.000935857,0.002147175,-0.000457616,8.74E-05,-0.000374834,-0.000432338,-0.000637888,5.24E-05,-0.000222685,0.000327291,5.71E-05,0.001195222,0.003341096,0.00310004,-0.000913876,-0.003009117,0.000347645,0.001970946,-0.003135147,0.000322803,0.002372757,-0.000357276,5.61E-05,-0.00054264,0.000308407,0.000582604
Dacrytherium sp,1.079878442,1.588087366,1.628129558,1.35632389,2.577015391,0.32852458,0.008773814,-0.05127261,0.024928199,-0.038801327,-0.000429388,0.013439343,0.001363775,0.002001448,0.017931088,0.005513113,-0.006668699,0.013067149,0.005561772,0.00752363,0.004135643,0.0039183,-0.009259399,-0.003900846,0.002191447,0.005187222,0.004463252,-0.003126139,-0.000876811,-0.002999269,-0.000820772,0.000861122,0.000828057,0.003371951,0.002213222,-0.000865363,-0.000765922,0.001171426,-0.003104977,-0.001125059,-0.000372479,0.001446931,0.003174172,-0.002366911,1.56E-05,-0.003201797,0.000771537,0.001172384,0.000587673,-0.002025203,0.000118166,-0.002616217,0.002423951,0.002421207,-7.90E-05,-0.000348615,-0.000324587,-0.001755368,-0.000261149,0.000156508,-0.001158647,6.81E-05
Dasypus novemictus,1.095615071,1.545132377,1.523092039,1.426080694,6.274755056,0.215308365,0.066706804,0.120297168,0.025839512,0.027002573,0.065778325,0.011062412,0.017233432,0.029371712,0.026752103,0.012094204,0.002428229,-0.011464126,0.010086468,0.019109275,-0.002028304,0.010523703,-0.003673715,0.020388745,0.005259115,-0.013430294,-0.006942922,-0.005715977,0.00213606,-0.006098569,-0.005411984,-0.009433808,0.003902825,-0.003844038,0.003921517,-0.002323803,-0.00436228,-0.00138692,0.0012413,-0.001485147,-0.000564514,0.001712956,0.001573933,-0.002012611,0.002943249,3.77E-05,-0.002561546,-0.001234194,-0.001225256,0.000115122,-0.001400413,0.002121922,0.000663564,-3.47E-05,-0.000403802,0.000862098,-6.47E-07,-0.00047705,0.000260429,0.00050479,-0.000388687,-0.000515307
Delphinoidea ind,1.095120525,1.4607115,1.476511741,1.041066303,0.520533152,0.018510392,0.007225516,-0.018981142,-0.008419388,0.007855289,0.00366897,0.0012945,0.00017674,0.004376187,0.002056881,0.003683917,0.000832618,0.002275575,0.00188276,-0.003136083,-0.00577373,0.000193066,-0.00293084,-0.000980749,0.001367597,3.41E-06,-0.000498762,-0.00322981,-4.36E-05,-0.000814918,0.003001666,0.003524456,-0.00120969,6.37E-05,-0.000981375,0.00188041,0.001620978,-0.000620084,0.001358998,0.000549403,-9.15E-05,0.001880416,0.000336565,0.002230583,0.000522201,-0.000579996,-0.000541632,-0.000998525,0.000757077,-0.000794418,-0.000854622,0.0003932,0.000204857,-0.000352553,0.000472716,-0.000825475,0.000540694,0.00108911,0.000750271,0.001118451,-0.000710357,0.001016515
Salpintogulus grassicauda,1.070182019,1.476941656,1.46520856,1.146930114,3.440790342,0.00169902,-0.00760398,0.091940173,0.010490747,0.006104219,0.000710616,-0.000556978,-0.016478356,-0.004283095,-0.003001867,0.001223878,-0.00242241,0.001946798,-0.002625453,0.00141791,-0.005468908,-0.000373889,-0.000922217,0.006589568,0.000476626,-0.001395317,-0.004181433,0.002080375,0.003196397,-0.003496374,0.002502216,0.001428818,4.37E-05,-0.001364981,0.002095891,0.000232655,0.004547368,-0.001539911,-0.001604514,0.000205697,-0.000677225,0.001806723,-0.002306826,0.001695557,0.000375856,0.001588483,0.002304233,0.001693791,-0.000802222,-0.000687972,0.001589484,0.000534174,-0.000384344,-5.17E-05,-0.00034829,0.000153462,0.000537074,0.002538486,0.001147091,0.001568529,-0.001791018,-0.000275222
Dorudon,1.065960442,1.461457314,1.458589177,1.053699938,1.159069931,0.019084591,0.014611617,-0.00053672,0.004208771,0.017307785,0.004663338,-0.00010595,-0.003843373,0.000416445,0.004105596,-0.002599234,0.000538288,0.004254291,0.002126986,-0.0007007,-0.00769388,-0.00318823,-0.003372475,-0.003391114,-0.003185865,-3.27E-05,0.001375088,0.000898143,0.003052735,-0.000754834,0.000234333,0.000964759,-0.000263354,1.50E-05,-0.001435477,0.000364845,0.000422174,-0.00013745,-0.003461943,0.001304504,-0.001309256,0.001624386,-0.003830141,0.001157136,-0.001763895,0.000165685,0.000804414,-0.000639948,0.000684208,-0.000327318,-0.000431682,0.000585522,-0.000450001,0.000107604,0.001957547,-0.00043108,0.001636493,-0.001390068,0.000433463,0.001770188,-0.00026393,-0.002224787
Elotherium sp,1.09068873,1.462996446,1.455289084,1.065414348,1.171955783,-0.016482979,0.024219847,0.019637122,0.012669675,0.015936902,0.00684727,-0.001322763,0.009551891,0.006905092,0.001155721,-0.000315712,0.005594262,0.000761844,0.003573544,0.001581679,-0.004022044,-0.000277507,-0.0043915,-0.001653106,0.001607251,0.002040123,-0.001861754,0.000696088,-0.002384602,0.001138291,2.21E-05,0.001750995,0.001042633,0.000907536,-0.001102091,0.001025662,-0.000233273,-0.001553178,-0.000246509,0.004193857,-0.000424943,-0.000403715,-0.000740687,0.000362247,-0.001413253,0.000779367,0.000443087,-0.00159865,-0.000586132,0.000728922,0.001966793,-0.001274273,0.002899791,-1.86E-05,-0.001195872,-0.000268095,0.000947821,-0.000464263,0.000895998,0.000316029,-0.000334784,0.000188092
Eotheroides libyca,1.093435395,1.513919006,1.49740068,1.191831903,2.264480615,0.118568349,0.008430104,-0.032433106,0.028796288,-1.07E-05,0.024163777,8.06E-05,-0.017329652,-0.003225975,0.000134051,0.004708142,0.000772312,-0.004245653,0.004329668,0.007224359,-0.010617755,-0.006158649,-0.001263434,0.006054133,-0.001254743,0.001588278,-0.002058232,0.004010601,-0.001688769,0.002761823,-0.005501845,0.004283499,-0.009488989,0.00397947,0.001513682,0.007494164,-0.000465404,-0.005718923,0.000683977,-0.003777749,-0.002084837,-0.005355693,0.000214928,0.000982295,-0.002130908,-0.002835426,-0.000463078,-0.00364428,0.000768572,-0.00051447,-0.0023582,-0.001271227,-0.00017775,-0.00250527,9.85E-05,0.001138562,0.000645344,1.98E-05,0.00088566,0.00037168,-0.000185261,0.00080556
Euhapsis ellicottae,1.09524232,1.476962682,1.49928752,1.17736233,1.530571029,-0.013618,-0.016094838,0.006746283,-0.006334987,0.001798425,0.007753668,0.002584573,0.000110367,0.010038871,-0.004750467,0.004721926,0.011844608,-0.017973051,0.005180899,-0.005795668,-0.009231896,-0.001908494,0.010848495,0.008368794,-0.005447157,0.00215378,-0.01248037,0.009147932,-0.005410608,-0.000272617,0.006758509,0.000751822,0.005115524,-0.000216862,-0.001692263,-0.000945291,-0.001390734,0.001919847,-0.001865508,0.002431097,-0.002186068,0.00342923,-0.001563011,-0.002044649,0.004001033,-0.000252614,0.001115348,-0.002447358,-0.000292373,0.001520033,0.000699435,-0.004485351,-0.00019193,-0.002875286,0.003259761,-6.15E-05,0.000195036,-0.000689615,-0.000935972,-0.000481479,-0.000450293,0.000733097
Glaucomys sabrinus,1.095430772,1.547208493,1.499411838,1.33413053,6.537239595,0.17261394,0.058024792,-0.087869743,0.014006119,0.030960079,-0.028294018,0.004279157,-0.022539676,-0.008648695,-0.025240846,-0.006567767,-0.017845507,-0.020723511,-0.025316023,-0.007481326,0.010577848,-0.007647304,0.004100587,-0.004212761,-0.007271253,-0.001731737,0.008754851,0.004885136,-0.006032787,-0.009136679,-0.007844353,-0.000963072,0.004441297,0.004641553,0.001868217,0.004592206,-0.003804209,-0.000717013,-0.000310822,0.003938272,0.005403844,-2.74E-05,-0.003205278,-0.000297697,0.003938761,0.002822293,-0.001462195,-0.003978638,-0.000571775,-0.000685465,-4.41E-05,0.000709261,0.000193622,0.001234431,-0.000924698,0.000346195,-0.00091609,0.000538426,0.000305173,-0.000375977,-0.000902496,-0.000322719
Hippotragus equinus,1.093825908,1.466170455,1.461153057,1.078164163,1.293796996,0.002764119,0.030525501,-0.024065724,0.003984995,0.008417763,-0.00339897,0.005323572,0.002110675,0.000415114,-0.003353362,-0.001029396,-0.002061361,0.00546469,0.004250788,-0.00643326,-8.97E-05,0.000198711,-0.000747466,0.000965839,-0.00153595,-0.000448975,0.000200513,-0.004764541,-0.001743018,0.001208665,-0.000901115,0.001145988,-0.002147989,0.002520802,-0.000855931,-0.000382265,0.000435873,0.000899303,0.002449931,8.96E-05,-0.000774802,-0.001212412,0.001343564,0.000769966,0.000355216,-0.000156348,0.000812121,-0.001180979,0.000954345,0.000912445,-0.000594082,0.000410407,-0.000774827,0.001744987,0.001020845,-0.00085427,0.000280006,-0.000302496,-0.001079316,0.001564864,0.000503994,-0.000276665
Homocamelus caninus,1.077572092,1.514568883,1.500092514,1.224559452,2.694030794,0.165580409,0.054737083,-0.002236,-0.02888525,-0.026171971,0.016304228,-0.010846862,0.001283149,0.000701372,0.045811792,0.002770345,0.009750628,-0.003463601,0.001745285,0.005633976,-0.006197786,0.008344057,-0.017155347,-0.007831937,-0.000462013,0.015542773,0.017272687,0.005921921,0.004401468,0.001365973,-0.000947982,-0.006790023,0.003918949,0.003470883,-0.002597789,-0.000811565,0.001769752,0.003979108,-0.003161212,-0.003361643,0.001680823,-0.001219325,0.001379375,0.002458425,0.001734236,-0.000538503,-0.002615171,-0.001080832,-0.002452617,0.000739393,0.001935309,-0.000987987,-0.001792733,7.62E-05,0.001477126,0.000592017,0.000999174,0.00088899,0.001353187,-0.00032918,0.000377098,0.000280423
Homotherium sp,1.118682151,1.656507918,1.927541382,2.058252105,4.939805053,0.163481223,-0.348436836,-0.029191989,-0.028028994,-0.082006961,0.087242614,0.014751253,0.017223658,-0.003154116,0.007201378,-0.00407399,-0.017712744,-0.014635537,0.013793567,-0.013613233,-0.003265295,-0.001081554,0.001642019,-0.013368016,-0.000164061,-0.002318442,0.004013926,-0.000169807,-0.004075229,-0.000407555,0.001652359,-0.000344452,-0.006230696,-0.003824801,-0.002584606,0.00115065,-0.002680465,-0.001447267,6.13E-05,0.002473845,-0.000192074,0.001679721,-0.000850394,-0.000142918,0.000485639,0.000832306,-0.000924248,-0.000385332,-0.000531784,-0.000832115,0.000771354,0.000886329,-0.000888721,0.000578109,-0.000725963,0.000265703,0.000175441,-0.000541078,0.000353221,-0.000314946,-0.000593962,-1.17E-05
Hyaenodon crucians,1.088438569,1.474674056,1.461809297,1.068204096,1.388665324,0.039428237,0.039016613,-0.038503886,0.005502376,0.006933602,-0.003520488,0.005232696,-0.011473477,-0.000891218,0.001258507,0.005872187,0.006376493,-0.001585842,0.000834348,-0.004051633,-0.009189613,0.006698295,-0.003796108,-0.001260404,-0.000979202,-5.58E-05,-0.001526892,-0.001633105,0.002221399,0.002388007,-0.000437357,0.002198204,0.000353908,0.000811067,-0.005265804,0.002403348,-0.000397307,-0.000222491,-0.002242874,0.001481842,-0.003765832,0.002959802,0.000427345,0.001400127,-0.001314256,-0.002059672,-8.40E-05,-0.001155283,-0.001133984,-0.002155795,-0.00090514,7.31E-05,0.000644304,0.000254829,-0.001507677,-0.002553741,-0.003522462,-4.98E-05,0.000378147,0.00030178,0.000159756,-0.000132672
Hyracodon nebraskensis,1.068762657,1.463080467,1.457896815,1.044216099,1.253059319,0.012190318,0.020005626,0.010743995,0.016921742,0.013931714,0.009951266,0.00365823,-0.009015179,0.004717827,-0.000260774,-0.003130305,3.72E-05,-0.000944666,-0.002172451,-0.001009816,-0.004581402,-0.002705101,0.001868877,-0.000701639,0.000365808,-0.001486094,-0.000158825,0.000291398,-0.003635773,1.45E-05,-0.002991836,0.003623615,-0.00060967,0.000437641,-0.000526784,-0.00062446,0.000831686,-0.001087442,-7.31E-05,-0.002277858,0.001453768,0.001984867,0.000549112,-0.001760388,-0.000641092,0.000127258,-9.99E-05,0.002637124,0.002077557,0.001906037,-0.00261369,0.000747979,-0.001334046,0.001574404,-0.000497931,2.56E-05,-8.47E-05,0.000497753,-0.000672572,0.001047098,-0.000311196,5.12E-05
Iomys horsfieldii,1.131278555,1.61045078,1.696664821,2.43878449,25.60723715,-0.276016131,-0.135652688,-0.014369939,0.00899886,0.128121586,-0.070117591,-0.002137079,-0.008597777,0.027959603,0.048789861,-0.008876855,-0.084811532,-0.015005355,-0.001428599,-0.004364877,0.005392752,0.013236597,-0.00246631,0.008536052,0.001143849,0.002168522,-0.002300965,0.002385958,-0.000942461,-0.000903511,-0.001805016,0.002497405,-0.000835133,-0.000388227,0.000279134,-0.002704639,-0.001182069,0.000316604,-0.000913788,-0.000836885,0.000289765,-0.001336703,0.001063719,0.0004108,-0.00071964,-0.001299212,-0.000104774,0.000173784,-0.000724826,0.000477878,2.92E-05,-0.000320135,9.89E-06,-0.000171243,0.000292978,-0.000102057,-5.71E-05,-0.000334306,0.000261071,0.000269687,9.35E-05,0.000273605
Janjucetus,1.080181006,1.516500239,1.466018942,1.254472565,5.394232028,-0.00948093,-0.007413545,0.01981221,0.063236802,0.059277584,0.016483192,-0.04384114,0.0316359,-0.000427227,0.016401993,-0.002086926,-0.010089619,0.00858737,0.003640684,0.006049686,-0.014357269,-0.018393786,-0.002986752,-0.003911698,-0.007062831,0.013831942,0.009677816,0.002095616,0.002479367,0.003742151,0.009917285,-0.005283094,0.002164545,-0.007265059,0.008752874,0.002540212,-0.004382696,-0.002339982,0.00282016,-0.000292789,0.004147695,0.001571799,3.96E-05,-0.001895141,-0.000227793,-0.000544304,0.003965084,-0.001437165,0.002528787,-0.00036377,-0.001304134,0.000749304,0.000284542,-0.000175348,0.00045054,-0.000511259,-0.001117293,0.000802924,-0.00066213,-0.000446561,0.000486198,-0.000713772
Kobus ellipsiprymnus,1.062448637,1.463948198,1.463428781,1.044742055,0.835793644,0.015504483,0.016953383,-0.019152395,0.013306636,0.007342858,0.003623851,-0.000574891,-0.008810019,-0.000897116,0.004117928,-0.006629784,0.004016319,-0.002222615,0.002396594,-0.00350494,-0.005278699,0.002424757,-0.002635605,-0.001043883,-0.002513442,0.001805714,-0.003455489,-0.002192511,-0.002506347,0.000348823,-0.000677004,0.000397293,-0.000257647,0.003314387,-0.002494989,0.000166861,0.001202538,-0.000330311,-0.000650034,0.000165119,-0.000221338,-0.000187726,-0.001228414,0.000139595,0.00054407,-0.000710073,0.001100914,0.001079,-0.000263581,0.001011304,0.000624711,0.001596712,0.000768354,-0.000420731,0.001285463,0.000962702,-0.000523443,-0.000517979,-0.000469367,0.001096005,0.000238175,0.001513008
Kogia breviceps,1.054838618,1.491941837,1.468997741,1.064896882,1.490855634,0.094434641,0.027106563,-0.003674796,-0.02279302,0.01620122,0.00091138,0.012511274,-0.005866577,0.007034488,0.004178935,0.003496534,-0.002108707,0.009782255,0.005013194,-0.004262077,0.000506738,-0.004077619,0.00236239,-0.003229347,0.003564547,-0.001528664,-0.002210769,-0.004371149,0.004451091,-0.004490757,-8.71E-05,0.001099666,-0.00068219,-0.00294344,0.001080143,-0.001003028,0.002005758,0.0008031,-0.000686361,0.001611273,0.000444695,0.001282246,-0.000119931,-0.000964583,0.000528448,0.001024125,0.00168563,-0.000718165,0.000262968,0.00087657,0.001179547,-0.001588212,0.000326847,0.00076034,-0.00103593,0.000313999,-0.00040384,0.000403416,0.000550928,-0.00018971,-0.000202913,0.001339004
Lagostrophus fasciatus,1.075368018,1.522611803,1.590824599,1.539525656,6.773912885,-0.232001557,0.007451725,0.000913512,-0.024589249,-0.035786321,-0.008761329,0.067353541,-0.021817548,0.020147058,-0.008706618,0.007954711,0.013069153,-0.00114721,0.011566033,0.009613156,0.015278661,0.019262798,-0.013822427,-0.002326557,-0.024818208,-0.011546312,0.007046814,0.01083079,0.000127265,-0.000494551,0.005295618,-0.000239122,-0.003360013,-0.001168785,0.009073164,0.000333774,0.004668517,-0.002997023,-0.001720845,0.001464202,0.001694125,-0.000943322,0.000113406,-0.002242085,-0.000710895,-0.000317969,0.000113794,-0.000167703,0.001267889,0.000200991,0.000519547,0.000675397,0.000118314,-0.000730345,0.000161697,-0.000692689,-8.70E-05,-0.00036508,0.000348267,0.000222594,0.00047125,-0.000231485
Lestodon,1.071136412,1.546952714,1.689523212,1.635948856,6.870985193,-0.287528423,-0.010036634,-0.055261684,-0.008928795,-0.029219397,0.00505841,-0.001183529,0.07374212,0.037666924,-0.011338563,-0.003145456,0.007702215,0.007547534,0.011403368,0.018945565,0.024317288,-0.021334553,-0.003321851,0.015840768,0.003710697,0.008445278,0.010886486,-0.004607553,-0.00250244,-0.005936008,-0.005108064,0.008946337,-0.000169851,0.006108734,0.001264465,-0.00272322,-0.001415641,-0.002333165,-0.00069944,0.001085502,-0.001273489,0.000391558,-0.002347902,5.44E-05,0.00162873,-0.001006329,0.000162388,0.001665282,-0.000645968,-0.001330267,0.000413469,-0.000121356,-0.000953253,-0.001300741,-0.000466479,-0.000678898,0.000140781,-0.000268259,-0.000310519,7.53E-05,-0.000543852,0.000384117
Macrotis lagotis,1.092676023,1.473140475,1.511646928,1.085317057,0.434126823,-0.075780277,-0.001060162,-0.020513099,-0.035049719,-0.003546241,0.003299474,-0.002754797,0.008982445,0.006647498,-0.003708947,0.006452789,0.002356464,-0.001968266,0.003032148,-0.003938635,-0.000520922,-0.001454894,0.000458731,0.001196153,0.001627967,-0.000100329,0.000425894,-0.001452463,0.000265194,0.004547335,0.000725008,0.000978734,0.001194341,-0.000467458,0.001010611,-0.000953966,0.000245759,-0.001185286,0.000142803,-0.000652957,-0.001297876,-0.000918035,0.00184227,-0.000457319,0.000255975,-0.000282518,0.00016222,-0.000569126,0.000599718,-0.000311895,-0.000205549,-0.001322398,0.000504443,0.000979208,-0.000373774,0.001391241,-0.00082768,0.000275115,0.0001845,-0.000296553,0.000578765,-0.00020858
Megaladapis edwardsi,1.090702336,1.4986317,1.494061211,1.303046238,4.560661832,-0.005669409,0.059980356,-0.017516074,-0.06869888,-0.02424623,0.02882408,-0.062736781,-0.018490886,-0.027842491,0.009103853,-0.002049519,0.000189132,-0.013911734,-0.000447525,-0.005736217,0.011543695,0.017826556,0.009899468,-0.00220384,0.004714188,-0.002420885,-0.004088647,-0.006589967,0.003644846,-0.004486511,0.004951668,0.000124691,0.002579882,0.004312041,0.000294917,-0.00551437,-0.003588557,-0.004523417,-0.000630004,0.005470703,0.004633534,-0.003045565,0.001551987,-0.001747586,-0.000603368,-0.00138472,0.001612182,0.000484195,0.002450037,-0.003949632,0.000770332,-0.00104018,-0.002134109,-0.001291006,-0.000548966,-2.34E-05,0.00044798,-4.05E-05,0.000889507,0.001225822,0.000585291,-9.08E-05
Metoreodon profectus,1.085131902,1.478582054,1.484497982,1.108562512,2.327981276,-0.092409693,0.007145599,0.009251874,-0.011024572,0.003448228,0.002860272,-0.003058879,-0.015346858,-0.001724458,-0.005504912,-0.004142799,0.003513474,-0.004571272,0.003554887,0.000900581,0.001568198,-0.001319644,-0.001715833,-0.006741362,-0.005399029,0.00694255,-0.001109759,0.001292216,-0.003884704,0.002590722,0.001241447,0.001069313,0.00243275,0.00076296,0.000386015,0.000226103,-0.003918629,0.002205628,0.001433741,0.002070561,-0.007369319,-0.001021773,-0.000993941,-0.001234017,0.000146732,0.00028964,-0.001760134,0.001452495,-0.000552204,-0.000770439,-0.001483874,0.001407848,0.001096268,7.94E-05,-0.000350567,0.003156716,-0.002456244,0.000113181,0.000501369,0.000237929,0.001613944,0.000908934
Microtus ochrogaster,1.082705415,1.48356382,1.462149753,1.131742725,1.81078836,0.026072899,0.005388381,0.003746812,0.010873788,0.038258725,0.006554369,-0.006248998,0.010158813,0.006066977,-0.001353111,-0.006851201,0.001956835,-0.00371718,0.003725356,0.001323367,-0.011126482,-0.004403362,0.001256645,0.001623291,0.001289827,-0.005349852,0.001886556,-0.006096839,0.001308538,0.003113089,-0.003875884,-0.002684151,-0.000686449,-0.000412249,0.002654186,0.000460592,0.006093233,-0.004373308,0.004889664,-0.002095957,-0.001231902,-0.003736946,-0.0031707,-0.002028499,-0.001666857,0.002235825,-0.003862873,-0.001711998,0.000105216,0.000973713,0.002619765,-0.003067859,-0.004053306,0.001902189,-0.000101645,-0.000712604,-0.001478451,-0.000615238,-0.000731697,0.000415341,0.000639627,0.000490812
Muntiacus muntjack,1.074734446,1.518051219,1.521409682,1.259297957,3.148244893,-0.05946144,0.022197579,0.052103359,-0.130752564,-0.006705792,-0.009506694,0.03304492,-0.047295081,0.009941125,-0.009267841,0.018042545,-0.018735101,0.002246473,-0.003661758,-0.003010938,0.000911118,-0.014964608,0.013935429,0.002457815,0.009776761,0.007925296,0.006793372,-0.010868187,0.010082284,-0.002342675,-0.000596902,-0.00133092,0.001925856,-0.003230699,0.002387445,0.007476831,0.004250063,-0.002066929,0.000702916,0.001828772,-0.002512345,-0.000124259,0.003763793,-0.001916084,-0.001537389,-0.001120938,0.000213659,-0.000793049,3.42E-05,-0.000126315,0.002843705,0.001703337,0.000668739,-0.000832384,0.001325761,0.000850216,0.000301546,-0.000721503,-0.000554757,-0.000796483,-0.000598453,-0.000565992
Rattus norvegicus,1.098678244,1.557305212,1.600543804,2.059797018,11.3288836,0.194427153,-0.039248524,-0.060260522,0.00781733,-0.069490712,-0.009486587,0.025755821,-0.020461195,-0.007848747,-0.019641275,0.015577795,-0.015185729,0.001360163,-0.004765027,0.012398794,-0.005596416,-0.005184401,-0.007147943,-0.00204105,-0.00878569,0.005736466,-0.013708323,-0.001990187,0.01695322,0.009738102,-0.003349995,0.01371019,0.007892562,-0.002971984,0.005933959,-0.006726882,-0.00617024,0.000718711,0.002690783,-0.001666451,0.002325432,-0.00125217,0.000704986,0.001951021,0.000835064,-0.000250421,-0.00133885,-0.000314113,-0.001210884,0.000101938,0.000543566,0.000578278,-0.001027711,-0.000153535,-0.000242744,-0.000213936,0.000348874,0.000384677,-0.000399099,-0.000152269,-0.000285131,0.000111254
Myocastor coypus,1.073430091,1.482398717,1.458583644,1.475287594,4.573391541,-0.017279014,0.037328682,-0.012111923,0.00760325,0.003249512,-0.014624992,-0.005005563,-0.007413005,-0.004576267,-0.014575364,0.012033785,-0.00763001,0.014007103,0.001916062,-0.008634441,0.009517955,0.004543792,0.005138346,-0.00871394,-0.0008943,-0.01619911,0.0121425,0.000806032,0.000245707,-0.007472085,0.007271445,0.003434967,0.005290418,-0.006116068,-0.005553389,0.004128312,-0.008928765,-0.005194712,0.002680538,-0.010850003,-0.003002572,-0.000309456,-0.000899463,0.001635119,0.002125645,-0.001651117,0.000577685,0.001632256,-0.001055922,-0.000424558,0.000935542,-0.001416904,7.71E-05,-0.000117115,0.000389143,0.000368018,0.00042873,-0.000115635,5.99E-06,0.000492089,0.000325599,0.000142017
Mystromys albicaudatus,1.063356243,1.502375604,1.670279346,1.736027595,7.638521418,-0.285351799,-0.040499104,0.066041543,-0.056359025,-0.091679188,-0.020583666,-0.030201234,0.003991197,-0.023393999,-0.021429047,0.006259507,-0.014719804,0.000372186,0.000548665,0.002060295,-0.021890854,-0.007119234,-0.006503247,0.00354922,-0.003628076,-0.005385225,0.007415011,-0.002892866,0.007152501,-0.004933599,-0.004174857,-0.001175602,-0.001976335,-0.000606883,-0.00769405,-0.005754412,0.000333646,0.003661138,-0.003930073,-0.003157505,0.001414514,-0.004535574,-0.000151157,-0.004717263,0.000971491,0.001077905,0.000909979,-0.00271534,-0.000179453,0.001917063,-0.001982522,8.06E-05,0.002360094,-0.000467549,-0.000165486,-0.000546626,-0.000758917,9.65E-05,-0.000248479,0.001235911,-0.000415753,-0.000361226
Neoparadoxia cecilialina,1.086386344,1.491510401,1.527157504,1.159062831,3.013563361,-0.110222907,-0.009408495,-0.04081672,-0.035282565,0.006538257,0.001360553,-0.002689897,0.003929983,0.001780212,-0.003202275,-0.000718393,0.001311321,-0.012451983,0.008140297,-0.004590281,0.001676609,0.002829139,0.003450826,-0.00348112,-2.54E-05,0.00260292,0.001807134,-0.004117303,-0.004940133,0.002473625,0.000943566,0.000628644,0.0029312,0.002056256,0.002636146,2.37E-05,0.000679667,-0.000739152,0.001413036,-0.00091845,-0.003757069,0.002985161,0.002880736,0.000811484,0.001407211,0.002404412,-0.003997553,0.001043161,0.003665524,0.001831277,0.000360416,-0.00126172,0.002734993,0.000294218,0.000134782,-0.00069898,-0.000335565,0.002623249,0.001097014,0.00025161,-0.001335841,-0.000718329
Brachyuromys betsi,1.119941305,1.617208352,1.675321868,2.159884147,16.1991311,0.021489945,-0.135972933,-0.165235111,-0.072816193,0.106416958,-0.002631639,-0.043890725,-0.027014003,-0.002142687,-0.031178771,0.040324672,0.01489093,0.024166207,-0.003068198,0.049369101,-0.002139422,0.006588089,0.005417674,-0.004359504,0.000712454,-0.002772746,-0.001076674,0.000106948,-0.007388304,0.003088849,-0.002318187,-0.006644234,0.000338032,-0.002667437,-0.000902855,-0.000927148,0.002967566,0.001815716,5.39E-05,-9.31E-05,0.001139017,0.000119009,-0.000267472,0.000528119,0.000820746,-9.20E-05,0.000380376,0.00077203,-0.001027241,-9.76E-05,-1.05E-05,-8.19E-05,8.82E-05,-0.000506854,-0.000178421,-0.000234882,-0.000109752,-0.000284104,0.000215916,0.000197836,-0.000374094,0.00012274
Eliurus myoxi,1.087161046,1.523756805,1.560006145,1.374158985,4.809556448,0.049843785,0.064558626,-0.09872488,-0.11215429,-0.05277854,-0.010020106,-0.00234472,0.01256436,0.015554323,0.026749558,0.008948744,0.006164508,-0.024942883,0.009051613,-0.002226991,-0.002584204,-0.007933641,0.011053082,0.003872799,-0.003752971,0.000557247,-0.003795904,0.00569043,-5.17E-05,-0.005119056,0.006323562,-0.003604085,-0.000915408,-0.000110153,-0.001058252,-0.00378732,0.003582856,-0.002960059,0.005813335,-0.001730568,0.005734285,-0.000214475,-0.003258297,0.002291607,-0.004493521,-0.001132425,-0.000738128,0.001584574,-0.003111723,-2.88E-06,-0.001854577,0.000317083,0.002521167,0.001584336,0.000719778,0.000434874,-0.000478195,0.000691412,-0.000957497,-0.000214674,-0.000407266,0.00073446
Pedetes capensis,1.083115281,1.572667433,1.617024768,1.650005795,6.600023178,0.2918396,0.044725592,0.198731686,-0.026352607,0.000452999,0.022737497,-0.025728297,-0.019728396,-0.013312704,0.008270413,0.011584389,-0.021854269,0.0024655,0.001041796,-0.000533111,0.019263539,-0.007445769,0.016734122,0.00047479,-0.003037052,-0.011182341,0.012587122,0.003317935,-0.004087396,0.017293191,-0.000269715,0.002905596,-0.004156301,0.006254945,0.002646804,-0.003285608,0.000446465,0.004214414,0.002316397,0.000763472,0.000302031,0.00051846,-0.001244583,0.001415747,0.000965631,-0.001378531,0.0012405,0.00075584,-0.000897352,0.00195105,-0.000258023,0.000232081,0.000216879,-0.000642678,0.000137549,-0.000774339,-0.000955931,-0.000903672,-9.50E-05,-0.000143393,-0.000877807,0.000326559
Pteronarctos goedertae,1.07968198,1.559213916,1.66000922,1.517362408,5.765977149,-0.352872297,0.029328855,0.02540645,0.079943334,0.015779924,0.062475354,-0.016364967,-0.012724731,-0.017005419,-0.018890868,-0.03721452,-0.006193212,0.01865995,0.020162182,-0.00272984,0.025710183,0.00377057,0.017260287,-0.012861714,-0.000566158,0.010692719,-0.006938781,0.003535424,0.004961955,0.000693074,-0.005367899,7.29E-05,0.000308256,-0.00276429,0.000461551,-0.001246405,0.006216665,-0.002023551,-0.002519037,-0.004202967,0.004073826,0.001649025,0.001916281,0.000598814,0.000668282,0.00033783,-0.001691302,-0.00189352,-0.002494277,-3.48E-06,-0.000835459,-0.00054962,0.001377962,0.000344213,0.000281571,0.000829772,-0.000181747,-0.000475663,0.000100533,0.000441303,2.82E-05,-9.47E-05
Ratufa affinis,1.076439333,1.515814942,1.464675985,1.386406178,5.54562471,0.125641137,0.062842542,-0.031588728,0.07186557,0.002372171,0.010113958,0.019330447,-0.008787977,0.007636046,-0.000272828,-0.000809511,0.00039416,-0.001888525,-0.008299487,0.001570317,0.003008309,0.006412713,0.004979337,0.012250651,-0.000219198,0.009229368,0.004807048,-0.007735723,-0.014950695,0.005700794,0.015125821,0.008049376,-0.001326299,-0.005969296,-0.004634511,-0.002380067,0.00292565,0.003879281,1.24E-05,-0.002042688,0.000766305,-0.00439209,0.001050353,-0.004347372,-0.000985869,0.003479297,-0.001072925,-0.000716858,-0.002474693,-0.002020114,0.000445756,0.001017111,-0.000233886,-0.000683511,-0.001196786,0.000126312,0.000418348,0.000346777,0.000440305,9.52E-05,-0.000717222,-0.000381385
Rhinolophus acuminatus,1.09372934,1.482080027,1.484385659,1.188913644,2.140044559,-0.004198172,0.029570197,-0.022566326,-0.001518072,-0.008438084,-0.022066245,0.019576491,0.03737939,0.014720251,-0.003186837,0.018786762,-0.000243006,0.007962022,0.010992985,-0.013540814,0.000864789,0.001479284,0.000735904,0.010808009,0.001225349,-0.005071679,-0.00258151,-0.004335347,0.005225047,0.009420336,0.00330131,-0.002995307,-0.001341997,-0.005567509,-0.003698603,0.005096038,0.002694711,-0.00088565,-0.007982549,0.002605786,0.004699708,-0.002606552,0.00122291,0.005125235,0.004259579,0.000343409,0.001704862,0.000225174,0.000864678,-0.000383647,-0.000414206,-0.000635855,-0.001177786,0.001109904,-0.000458392,0.000837562,-0.002126324,6.87E-06,-0.000186004,8.77E-05,-0.000300272,0.000576062
Saimiri sciureus,1.103716819,1.531392721,1.490101719,1.20413221,3.251156967,0.146707305,-0.009099195,0.039379478,0.017132805,0.054119115,0.021818732,-0.009344358,0.018119341,0.007424082,0.007689918,-0.000738132,-0.003370339,0.005598914,-0.002843695,-0.006609994,-0.012290462,0.000390747,-0.011682212,-0.012309369,-0.001145327,-0.012151602,0.007140667,0.003450756,0.002113022,-0.008233114,-0.004915967,0.010361238,0.006037667,-0.000634543,-0.001497176,-0.00202075,0.010764456,0.00178008,0.003667726,0.003205913,0.000366723,-0.000954359,0.003442573,0.001291643,0.000150531,0.002444696,0.000690581,0.001827538,0.000529241,-0.002600653,-0.001938023,-0.001007442,0.00031508,-0.002376454,0.000472231,0.001259218,-0.000200791,4.42E-05,-0.001522793,-0.001160178,0.000128106,-1.15E-05
Sigmodon hispidus,1.102721071,1.493891433,1.53722662,2.00062285,17.80554337,-0.025870415,-0.02854161,-0.005784443,0.031645692,-0.102679725,-0.083507236,0.00397286,-0.008234112,0.007167002,0.034149131,-0.061954202,0.020999051,-0.019810902,0.007228653,0.034487852,0.000373319,-0.002198794,0.009998133,-0.01323025,0.016266494,-0.009693175,0.000993364,0.002170537,-0.002654805,0.00407523,0.000144649,0.001283208,0.004191229,-0.004359946,0.001686339,0.003049694,0.001807041,0.001824468,0.001014178,0.001008375,-0.000638442,-0.000954918,0.000379359,0.000175362,0.001474622,-0.000797833,0.001457906,-0.001175627,0.000550893,-1.91E-05,-0.000479795,0.000464588,-0.000450895,-0.000194944,-0.000192042,-0.000112029,-0.000156666,-0.000115025,6.46E-05,0.000537052,-9.79E-05,-0.000197855
Sirenian,1.062827672,1.540942795,1.55063131,1.48649385,4.756780319,0.157242498,-0.010766873,0.041743458,-0.078507576,0.002873375,-0.026200436,-0.048682538,0.021288147,-0.000299442,-0.002740377,-0.003159185,0.027001449,-0.02585846,-0.032330056,-0.004302982,0.012132373,0.012005334,-0.007688098,0.002606391,-0.002889235,0.00925356,-0.002431333,-0.001688109,0.002454112,0.000995372,-0.004747843,0.008627967,-0.010889659,-0.007525244,0.001206311,0.002237904,0.003632409,-0.001863928,0.000251332,-0.002864676,-0.000700662,0.003564972,9.00E-05,-0.001570511,0.003715569,-0.001204646,0.00042458,0.000836405,-0.00029953,0.000513714,-0.000631549,0.000356689,-6.84E-05,0.000766938,0.00097578,0.000430508,-2.99E-05,-0.000245058,0.00057745,0.000133186,0.000887832,-0.000575236
Sthenurus andersoni,1.068061973,1.459071154,1.459994599,1.035965409,1.035965409,0.018786004,0.012644641,-0.00150565,0.009947214,0.017680573,0.004731254,0.001576458,-0.005788589,0.002305035,0.002234853,-0.001644361,0.001068201,0.003612771,0.003266227,-0.000132488,-0.003605332,-0.002538731,-0.000303819,-0.000423558,-0.000100817,-0.000213425,-0.001371774,-0.000639813,0.00047088,-0.000589699,0.000162282,0.000655348,6.41E-05,0.001207039,0.000385941,0.001022534,-0.000168923,-0.001223523,9.69E-05,0.002304363,-0.001252734,-0.00034812,-0.001305446,0.001948717,0.000549024,0.000495368,0.002625625,-0.001192453,-0.00110573,-0.000214569,-0.001580612,0.000783372,0.00056272,0.000522784,-0.000999264,0.00033062,0.000902174,-0.000527991,0.001288194,2.01E-05,3.29E-07,0.000318152
Tarsius tarsier,1.075450427,1.511652183,1.483214413,1.24856114,6.367661816,0.116053124,0.044687769,0.019059713,-0.035500597,0.000974699,0.019621337,0.025544994,-0.020628728,0.015153857,0.007750469,0.015807622,0.0038772,0.006950881,0.006758692,0.002408448,0.015748145,-0.007250658,0.009486142,0.00327701,0.00609531,0.00652709,-0.000644341,0.016134988,4.80E-05,-0.010203058,-0.005859627,0.000115842,-0.006449072,-0.008384677,-0.001527141,-0.002189327,-0.004810423,0.007135484,0.000607765,0.002003514,-0.002590588,-0.002588226,0.001896653,0.001764668,-0.001505676,0.002002197,0.001097217,-0.000881312,0.001458438,-0.001112218,-0.0009598,-0.000913831,-0.000988058,0.000545696,0.000392283,-0.001846844,-0.000403463,0.001184987,0.000232826,0.000260942,0.001488213,-8.05E-05
Thalassocnus littoralis,1.085113809,1.463528994,1.47610391,1.200590826,1.920945321,-0.08811749,0.015904474,0.045353029,0.006871666,-0.016992815,-0.0193834,-0.036275742,-0.015462654,-0.029946913,-0.011478733,-5.28E-06,0.009604949,-0.012309666,0.010523594,-0.010358396,-0.002635731,0.012217962,-0.008623284,0.005661534,0.005713155,0.009318758,0.001019787,0.00681791,0.000342307,-0.006957433,0.000545429,-0.003110261,-0.000255328,-0.00457533,0.005524942,-0.000129389,4.99E-05,0.000333589,-2.28E-06,-0.002431703,-0.003158313,-0.001168597,-0.0018757,0.004407646,-0.000882628,0.001512219,5.61E-05,0.000479589,-0.000484512,0.00071653,0.000366983,0.001021549,-0.000811685,-0.001704837,-0.002881528,-0.000988631,-0.000258775,-0.001910279,-0.001422087,-0.001312078,-0.001989644,0.000214889
Thryonomys swinderianus,1.092300335,1.569173609,1.557059153,1.383640108,4.566012357,0.224817753,-0.037751244,0.021064084,-0.043423654,0.056797598,-0.060069365,-0.017602548,0.028970931,0.021097579,0.026434683,-0.004064658,0.022731495,0.020564261,0.011700978,-0.003456061,0.01172424,-0.004709982,0.005093113,-0.011734957,-0.005497166,-0.00292252,-0.011022336,0.002284155,0.01433135,-0.001764335,0.006532105,-0.000113755,-0.005146217,0.0089997,-0.001655343,0.001520409,-0.002875127,0.000746588,-0.001364735,-0.003753719,-0.001127337,3.75E-05,0.00029588,-0.003146248,-0.000249178,0.005506054,-0.000882136,-0.0008849,-0.000569025,-0.000577296,0.000466322,0.00127358,-0.000224968,-0.000557004,-0.00051939,-0.000235289,-0.000179565,-0.000652263,3.37E-05,-0.000707029,-0.000463445,-0.000359388
Thylacinus cynocephalus,1.099017084,1.626545897,1.82175025,1.998079123,6.793469019,0.332929787,-0.196396193,0.176035949,0.012305384,0.006736419,-0.061885862,-0.004142062,0.000612145,-0.020158435,-0.021247217,0.0016775,0.025694217,0.01983167,0.013246902,-0.014316122,0.016042265,0.001197202,-0.005359588,0.011136832,7.15E-05,0.005850919,-0.003199685,-0.001149962,-0.007489448,-0.005369986,-0.000164665,-0.000846568,0.010059061,0.000434633,0.000422384,0.002372878,0.002222906,-0.000811833,0.000118034,0.00156355,0.002109571,-0.002812502,-0.000888224,-0.000881956,-0.002242481,-0.003482006,-0.001229873,-0.000500133,-0.000718496,0.00068387,-0.000998901,-7.90E-05,0.000142725,0.000763873,0.000537377,-0.000148702,7.18E-05,0.001311603,9.88E-05,0.000421152,0.000669165,-2.54E-05
Thylacosmilus sp,1.090350655,1.459022429,1.460908184,1.038538924,0.83083114,-0.00551088,0.012762319,0.013555235,-0.000914134,0.01311049,0.006721054,-0.002302511,-0.007217591,0.003482444,-0.000202933,-0.006058741,-0.001123113,0.000202059,0.00269268,0.001989535,-0.003011417,-0.002623384,-0.000352157,0.002179434,-0.00131978,-0.001258315,0.000284565,-0.001900851,0.000716933,-0.00078416,0.0003892,0.002064899,-0.000640729,-0.001701545,0.000243681,0.000518004,0.000663733,-0.000940969,-9.53E-05,0.001221015,-0.001302584,-0.000507483,-0.002333007,-0.000868983,0.001285437,6.55E-05,0.000601445,-0.000885318,-0.000160085,0.000161467,0.0004573,-0.000573948,0.001078223,0.001041783,-0.00075433,-0.000508178,0.002395438,0.000176615,-0.000101611,-0.000305767,0.001193921,-5.21E-06
Tragelaphus scriptus,1.068515273,1.460341176,1.46193635,1.045026218,1.463036705,0.027088228,0.01608364,-0.006994877,0.010107998,0.012132379,0.004322255,0.003915052,-0.006223998,0.000823451,0.000366602,-0.002142196,0.000483352,-0.001263237,0.005447223,-0.000603365,-0.003216345,-0.001743786,-0.000316964,-0.002226688,-0.000715458,0.001037034,-0.003718234,0.000414457,0.000709553,-0.000678799,-0.000305746,-0.000572396,0.000372387,0.001265406,-0.001200617,0.001033467,-0.000736782,0.000622338,-0.000995899,0.000537302,0.00055683,-0.001816455,-0.000516078,-0.00015212,-0.000721561,-0.000354776,-0.001151428,0.000835947,0.001654331,9.22E-05,-3.27E-05,0.000478529,0.000369545,0.000500485,-0.000236263,0.000268303,-0.000430618,-0.00077112,0.00070261,-5.95E-05,0.000181374,-0.000674431
